{
  "name": "FIFA World Cup 2026",
  "matches": [
    {"match_num": 1, "round": "Group A", "date": "2026-06-11", "time": "13:00", "team1": "Mexico", "team2": "South Africa", "venue": "Estadio Azteca", "city": "Mexico City"},
    {"match_num": 2, "round": "Group A", "date": "2026-06-11", "time": "20:00", "team1": "South Korea", "team2": "European Play-Off D", "venue": "Estadio Guadalajara", "city": "Guadalajara"},
    {"match_num": 3, "round": "Group B", "date": "2026-06-12", "time": "15:00", "team1": "Canada", "team2": "European Play-Off A", "venue": "BMO Field", "city": "Toronto"},
    {"match_num": 4, "round": "Group D", "date": "2026-06-12", "time": "18:00", "team1": "USA", "team2": "Paraguay", "venue": "SoFi Stadium", "city": "Los Angeles"},
    {"match_num": 5, "round": "Group C", "date": "2026-06-13", "time": "21:00", "team1": "Haiti", "team2": "Scotland", "venue": "Gillette Stadium", "city": "Foxborough"},
    {"match_num": 6, "round": "Group D", "date": "2026-06-13", "time": "21:00", "team1": "Australia", "team2": "European Play-Off C", "venue": "BC Place", "city": "Vancouver"},
    {"match_num": 7, "round": "Group C", "date": "2026-06-13", "time": "18:00", "team1": "Brazil", "team2": "Morocco", "venue": "MetLife Stadium", "city": "East Rutherford"},
    {"match_num": 8, "round": "Group B", "date": "2026-06-13", "time": "12:00", "team1": "Qatar", "team2": "Switzerland", "venue": "Levi's Stadium", "city": "San Francisco"},
    {"match_num": 9, "round": "Group E", "date": "2026-06-14", "time": "18:00", "team1": "Ivory Coast", "team2": "Ecuador", "venue": "Lincoln Financial Field", "city": "Philadelphia"},
    {"match_num": 10, "round": "Group E", "date": "2026-06-14", "time": "13:00", "team1": "Germany", "team2": "Curacao", "venue": "NRG Stadium", "city": "Houston"},
    {"match_num": 11, "round": "Group F", "date": "2026-06-14", "time": "16:00", "team1": "Netherlands", "team2": "Japan", "venue": "AT&T Stadium", "city": "Arlington"},
    {"match_num": 12, "round": "Group F", "date": "2026-06-14", "time": "21:00", "team1": "European Play-Off B", "team2": "Tunisia", "venue": "Estadio Monterrey", "city": "Monterrey"},
    {"match_num": 13, "round": "Group H", "date": "2026-06-15", "time": "18:00", "team1": "Saudi Arabia", "team2": "Uruguay", "venue": "Hard Rock Stadium", "city": "Miami"},
    {"match_num": 14, "round": "Group H", "date": "2026-06-15", "time": "12:00", "team1": "Spain", "team2": "Cabo Verde", "venue": "Mercedes-Benz Stadium", "city": "Atlanta"},
    {"match_num": 15, "round": "Group G", "date": "2026-06-15", "time": "18:00", "team1": "Iran", "team2": "New Zealand", "venue": "SoFi Stadium", "city": "Los Angeles"},
    {"match_num": 16, "round": "Group G", "date": "2026-06-15", "time": "12:00", "team1": "Belgium", "team2": "Egypt", "venue": "Lumen Field", "city": "Seattle"},
    {"match_num": 17, "round": "Group I", "date": "2026-06-16", "time": "15:00", "team1": "France", "team2": "Senegal", "venue": "MetLife Stadium", "city": "East Rutherford"},
    {"match_num": 18, "round": "Group I", "date": "2026-06-16", "time": "18:00", "team1": "IC Play-Off 2", "team2": "Norway", "venue": "Gillette Stadium", "city": "Foxborough"},
    {"match_num": 19, "round": "Group J", "date": "2026-06-16", "time": "20:00", "team1": "Argentina", "team2": "Algeria", "venue": "Arrowhead Stadium", "city": "Kansas City"},
    {"match_num": 20, "round": "Group J", "date": "2026-06-16", "time": "21:00", "team1": "Austria", "team2": "Jordan", "venue": "Levi's Stadium", "city": "San Francisco"},
    {"match_num": 21, "round": "Group L", "date": "2026-06-17", "time": "18:00", "team1": "Ghana", "team2": "Panama", "venue": "BMO Field", "city": "Toronto"},
    {"match_num": 22, "round": "Group L", "date": "2026-06-17", "time": "16:00", "team1": "England", "team2": "Croatia", "venue": "AT&T Stadium", "city": "Arlington"},
    {"match_num": 23, "round": "Group K", "date": "2026-06-17", "time": "12:00", "team1": "Portugal", "team2": "IC Play-Off 1", "venue": "NRG Stadium", "city": "Houston"},
    {"match_num": 24, "round": "Group K", "date": "2026-06-17", "time": "20:00", "team1": "Uzbekistan", "team2": "Colombia", "venue": "Estadio Azteca", "city": "Mexico City"},
    {"match_num": 25, "round": "Group A", "date": "2026-06-18", "time": "12:00", "team1": "European Play-Off D", "team2": "South Africa", "venue": "Mercedes-Benz Stadium", "city": "Atlanta"},
    {"match_num": 26, "round": "Group B", "date": "2026-06-18", "time": "12:00", "team1": "Switzerland", "team2": "European Play-Off A", "venue": "SoFi Stadium", "city": "Los Angeles"},
    {"match_num": 27, "round": "Group B", "date": "2026-06-18", "time": "15:00", "team1": "Canada", "team2": "Qatar", "venue": "BC Place", "city": "Vancouver"},
    {"match_num": 28, "round": "Group A", "date": "2026-06-18", "time": "19:00", "team1": "Mexico", "team2": "South Korea", "venue": "Estadio Guadalajara", "city": "Guadalajara"},
    {"match_num": 29, "round": "Group C", "date": "2026-06-19", "time": "21:00", "team1": "Brazil", "team2": "Haiti", "venue": "Lincoln Financial Field", "city": "Philadelphia"},
    {"match_num": 30, "round": "Group C", "date": "2026-06-19", "time": "18:00", "team1": "Scotland", "team2": "Morocco", "venue": "Gillette Stadium", "city": "Foxborough"},
    {"match_num": 31, "round": "Group D", "date": "2026-06-19", "time": "21:00", "team1": "European Play-Off C", "team2": "Paraguay", "venue": "Levi's Stadium", "city": "San Francisco"},
    {"match_num": 32, "round": "Group D", "date": "2026-06-19", "time": "12:00", "team1": "USA", "team2": "Australia", "venue": "Lumen Field", "city": "Seattle"},
    {"match_num": 33, "round": "Group E", "date": "2026-06-20", "time": "16:00", "team1": "Germany", "team2": "Ivory Coast", "venue": "BMO Field", "city": "Toronto"},
    {"match_num": 34, "round": "Group E", "date": "2026-06-20", "time": "19:00", "team1": "Ecuador", "team2": "Curacao", "venue": "Arrowhead Stadium", "city": "Kansas City"},
    {"match_num": 35, "round": "Group F", "date": "2026-06-20", "time": "13:00", "team1": "Netherlands", "team2": "European Play-Off B", "venue": "NRG Stadium", "city": "Houston"},
    {"match_num": 36, "round": "Group F", "date": "2026-06-20", "time": "23:00", "team1": "Tunisia", "team2": "Japan", "venue": "Estadio Monterrey", "city": "Monterrey"},
    {"match_num": 37, "round": "Group H", "date": "2026-06-21", "time": "18:00", "team1": "Uruguay", "team2": "Cabo Verde", "venue": "Hard Rock Stadium", "city": "Miami"},
    {"match_num": 38, "round": "Group H", "date": "2026-06-21", "time": "12:00", "team1": "Spain", "team2": "Saudi Arabia", "venue": "Mercedes-Benz Stadium", "city": "Atlanta"},
    {"match_num": 39, "round": "Group G", "date": "2026-06-21", "time": "12:00", "team1": "Belgium", "team2": "Iran", "venue": "SoFi Stadium", "city": "Los Angeles"},
    {"match_num": 40, "round": "Group G", "date": "2026-06-21", "time": "18:00", "team1": "New Zealand", "team2": "Egypt", "venue": "BC Place", "city": "Vancouver"},
    {"match_num": 41, "round": "Group I", "date": "2026-06-22", "time": "20:00", "team1": "Norway", "team2": "Senegal", "venue": "MetLife Stadium", "city": "East Rutherford"},
    {"match_num": 42, "round": "Group I", "date": "2026-06-22", "time": "17:00", "team1": "France", "team2": "IC Play-Off 2", "venue": "Lincoln Financial Field", "city": "Philadelphia"},
    {"match_num": 43, "round": "Group J", "date": "2026-06-22", "time": "12:00", "team1": "Argentina", "team2": "Austria", "venue": "AT&T Stadium", "city": "Arlington"},
    {"match_num": 44, "round": "Group J", "date": "2026-06-22", "time": "20:00", "team1": "Jordan", "team2": "Algeria", "venue": "Levi's Stadium", "city": "San Francisco"},
    {"match_num": 45, "round": "Group L", "date": "2026-06-23", "time": "16:00", "team1": "England", "team2": "Ghana", "venue": "Gillette Stadium", "city": "Foxborough"},
    {"match_num": 46, "round": "Group L", "date": "2026-06-23", "time": "19:00", "team1": "Panama", "team2": "Croatia", "venue": "BMO Field", "city": "Toronto"},
    {"match_num": 47, "round": "Group K", "date": "2026-06-23", "time": "12:00", "team1": "Portugal", "team2": "Uzbekistan", "venue": "NRG Stadium", "city": "Houston"},
    {"match_num": 48, "round": "Group K", "date": "2026-06-23", "time": "20:00", "team1": "Colombia", "team2": "IC Play-Off 1", "venue": "Estadio Guadalajara", "city": "Guadalajara"},
    {"match_num": 49, "round": "Group C", "date": "2026-06-24", "time": "18:00", "team1": "Scotland", "team2": "Brazil", "venue": "Hard Rock Stadium", "city": "Miami"},
    {"match_num": 50, "round": "Group C", "date": "2026-06-24", "time": "18:00", "team1": "Morocco", "team2": "Haiti", "venue": "Mercedes-Benz Stadium", "city": "Atlanta"},
    {"match_num": 51, "round": "Group B", "date": "2026-06-24", "time": "12:00", "team1": "Switzerland", "team2": "Canada", "venue": "BC Place", "city": "Vancouver"},
    {"match_num": 52, "round": "Group B", "date": "2026-06-24", "time": "12:00", "team1": "European Play-Off A", "team2": "Qatar", "venue": "Lumen Field", "city": "Seattle"},
    {"match_num": 53, "round": "Group A", "date": "2026-06-24", "time": "19:00", "team1": "European Play-Off D", "team2": "Mexico", "venue": "Estadio Azteca", "city": "Mexico City"},
    {"match_num": 54, "round": "Group A", "date": "2026-06-24", "time": "19:00", "team1": "South Africa", "team2": "South Korea", "venue": "Estadio Monterrey", "city": "Monterrey"},
    {"match_num": 55, "round": "Group E", "date": "2026-06-25", "time": "16:00", "team1": "Curacao", "team2": "Ivory Coast", "venue": "Lincoln Financial Field", "city": "Philadelphia"},
    {"match_num": 56, "round": "Group E", "date": "2026-06-25", "time": "16:00", "team1": "Ecuador", "team2": "Germany", "venue": "MetLife Stadium", "city": "East Rutherford"},
    {"match_num": 57, "round": "Group F", "date": "2026-06-25", "time": "19:00", "team1": "Japan", "team2": "European Play-Off B", "venue": "AT&T Stadium", "city": "Arlington"},
    {"match_num": 58, "round": "Group F", "date": "2026-06-25", "time": "19:00", "team1": "Tunisia", "team2": "Netherlands", "venue": "Arrowhead Stadium", "city": "Kansas City"},
    {"match_num": 59, "round": "Group D", "date": "2026-06-25", "time": "19:00", "team1": "European Play-Off C", "team2": "USA", "venue": "SoFi Stadium", "city": "Los Angeles"},
    {"match_num": 60, "round": "Group D", "date": "2026-06-25", "time": "19:00", "team1": "Paraguay", "team2": "Australia", "venue": "Levi's Stadium", "city": "San Francisco"},
    {"match_num": 61, "round": "Group I", "date": "2026-06-26", "time": "15:00", "team1": "Norway", "team2": "France", "venue": "Gillette Stadium", "city": "Foxborough"},
    {"match_num": 62, "round": "Group I", "date": "2026-06-26", "time": "15:00", "team1": "Senegal", "team2": "IC Play-Off 2", "venue": "BMO Field", "city": "Toronto"},
    {"match_num": 63, "round": "Group G", "date": "2026-06-26", "time": "20:00", "team1": "Egypt", "team2": "Iran", "venue": "Lumen Field", "city": "Seattle"},
    {"match_num": 64, "round": "Group G", "date": "2026-06-26", "time": "20:00", "team1": "New Zealand", "team2": "Belgium", "venue": "BC Place", "city": "Vancouver"},
    {"match_num": 65, "round": "Group H", "date": "2026-06-26", "time": "18:00", "team1": "Cabo Verde", "team2": "Saudi Arabia", "venue": "NRG Stadium", "city": "Houston"},
    {"match_num": 66, "round": "Group H", "date": "2026-06-26", "time": "19:00", "team1": "Uruguay", "team2": "Spain", "venue": "Estadio Guadalajara", "city": "Guadalajara"},
    {"match_num": 67, "round": "Group L", "date": "2026-06-27", "time": "15:00", "team1": "Panama", "team2": "England", "venue": "MetLife Stadium", "city": "East Rutherford"},
    {"match_num": 68, "round": "Group L", "date": "2026-06-27", "time": "17:00", "team1": "Croatia", "team2": "Ghana", "venue": "Lincoln Financial Field", "city": "Philadelphia"},
    {"match_num": 69, "round": "Group J", "date": "2026-06-27", "time": "21:00", "team1": "Algeria", "team2": "Austria", "venue": "Arrowhead Stadium", "city": "Kansas City"},
    {"match_num": 70, "round": "Group J", "date": "2026-06-27", "time": "21:00", "team1": "Jordan", "team2": "Argentina", "venue": "AT&T Stadium", "city": "Arlington"},
    {"match_num": 71, "round": "Group K", "date": "2026-06-27", "time": "19:30", "team1": "Colombia", "team2": "Portugal", "venue": "Hard Rock Stadium", "city": "Miami"},
    {"match_num": 72, "round": "Group K", "date": "2026-06-27", "time": "19:30", "team1": "IC Play-Off 1", "team2": "Uzbekistan", "venue": "Mercedes-Benz Stadium", "city": "Atlanta"},
    {"match_num": 73, "round": "Round of 32", "date": "2026-06-28", "time": "12:00", "team1": "2A", "team2": "2B", "venue": "SoFi Stadium", "city": "Los Angeles"},
    {"match_num": 74, "round": "Round of 32", "date": "2026-06-29", "time": "16:30", "team1": "1E", "team2": "3rd A/B/C/D/F", "venue": "Gillette Stadium", "city": "Foxborough"},
    {"match_num": 75, "round": "Round of 32", "date": "2026-06-29", "time": "19:00", "team1": "1F", "team2": "2C", "venue": "Estadio Monterrey", "city": "Monterrey"},
    {"match_num": 76, "round": "Round of 32", "date": "2026-06-29", "time": "12:00", "team1": "1C", "team2": "2F", "venue": "NRG Stadium", "city": "Houston"},
    {"match_num": 77, "round": "Round of 32", "date": "2026-06-30", "time": "17:00", "team1": "1I", "team2": "3rd C/D/F/G/H", "venue": "MetLife Stadium", "city": "East Rutherford"},
    {"match_num": 78, "round": "Round of 32", "date": "2026-06-30", "time": "12:00", "team1": "2E", "team2": "2I", "venue": "AT&T Stadium", "city": "Arlington"},
    {"match_num": 79, "round": "Round of 32", "date": "2026-06-30", "time": "19:00", "team1": "1A", "team2": "3rd C/E/F/H/I", "venue": "Estadio Azteca", "city": "Mexico City"},
    {"match_num": 80, "round": "Round of 32", "date": "2026-07-01", "time": "12:00", "team1": "1L", "team2": "3rd E/H/I/J/K", "venue": "Mercedes-Benz Stadium", "city": "Atlanta"},
    {"match_num": 81, "round": "Round of 32", "date": "2026-07-01", "time": "17:00", "team1": "1D", "team2": "3rd B/E/F/I/J", "venue": "Levi's Stadium", "city": "San Francisco"},
    {"match_num": 82, "round": "Round of 32", "date": "2026-07-01", "time": "13:00", "team1": "1G", "team2": "3rd A/E/H/I/J", "venue": "Lumen Field", "city": "Seattle"},
    {"match_num": 83, "round": "Round of 32", "date": "2026-07-02", "time": "19:00", "team1": "2K", "team2": "2L", "venue": "BMO Field", "city": "Toronto"},
    {"match_num": 84, "round": "Round of 32", "date": "2026-07-02", "time": "12:00", "team1": "1H", "team2": "2J", "venue": "SoFi Stadium", "city": "Los Angeles"},
    {"match_num": 85, "round": "Round of 32", "date": "2026-07-02", "time": "20:00", "team1": "1B", "team2": "3rd E/F/G/I/J", "venue": "BC Place", "city": "Vancouver"},
    {"match_num": 86, "round": "Round of 32", "date": "2026-07-03", "time": "17:00", "team1": "1J", "team2": "3rd C/D/E/G/H", "venue": "Hard Rock Stadium", "city": "Miami"},
    {"match_num": 87, "round": "Round of 32", "date": "2026-07-03", "time": "13:00", "team1": "2G", "team2": "2H", "venue": "Arrowhead Stadium", "city": "Kansas City"},
    {"match_num": 88, "round": "Round of 32", "date": "2026-07-03", "time": "20:00", "team1": "1K", "team2": "3rd A/B/D/F/G", "venue": "Estadio Guadalajara", "city": "Guadalajara"},
    {"match_num": 89, "round": "Round of 16", "date": "2026-07-04", "time": "17:00", "team1": "W73", "team2": "W74", "venue": "AT&T Stadium", "city": "Arlington"},
    {"match_num": 90, "round": "Round of 16", "date": "2026-07-04", "time": "20:00", "team1": "W75", "team2": "W76", "venue": "SoFi Stadium", "city": "Los Angeles"},
    {"match_num": 91, "round": "Round of 16", "date": "2026-07-05", "time": "14:00", "team1": "W77", "team2": "W78", "venue": "Gillette Stadium", "city": "Foxborough"},
    {"match_num": 92, "round": "Round of 16", "date": "2026-07-05", "time": "17:00", "team1": "W79", "team2": "W80", "venue": "Estadio Azteca", "city": "Mexico City"},
    {"match_num": 93, "round": "Round of 16", "date": "2026-07-06", "time": "14:00", "team1": "W81", "team2": "W82", "venue": "NRG Stadium", "city": "Houston"},
    {"match_num": 94, "round": "Round of 16", "date": "2026-07-06", "time": "17:00", "team1": "W83", "team2": "W84", "venue": "Levi's Stadium", "city": "San Francisco"},
    {"match_num": 95, "round": "Round of 16", "date": "2026-07-07", "time": "14:00", "team1": "W85", "team2": "W86", "venue": "MetLife Stadium", "city": "East Rutherford"},
    {"match_num": 96, "round": "Round of 16", "date": "2026-07-07", "time": "17:00", "team1": "W87", "team2": "W88", "venue": "Mercedes-Benz Stadium", "city": "Atlanta"},
    {"match_num": 97, "round": "Quarter-final", "date": "2026-07-09", "time": "17:00", "team1": "W89", "team2": "W90", "venue": "Gillette Stadium", "city": "Foxborough"},
    {"match_num": 98, "round": "Quarter-final", "date": "2026-07-09", "time": "20:00", "team1": "W91", "team2": "W92", "venue": "SoFi Stadium", "city": "Los Angeles"},
    {"match_num": 99, "round": "Quarter-final", "date": "2026-07-10", "time": "17:00", "team1": "W93", "team2": "W94", "venue": "AT&T Stadium", "city": "Arlington"},
    {"match_num": 100, "round": "Quarter-final", "date": "2026-07-10", "time": "20:00", "team1": "W95", "team2": "W96", "venue": "Hard Rock Stadium", "city": "Miami"},
    {"match_num": 101, "round": "Semi-final", "date": "2026-07-14", "time": "18:00", "team1": "W97", "team2": "W98", "venue": "MetLife Stadium", "city": "East Rutherford"},
    {"match_num": 102, "round": "Semi-final", "date": "2026-07-15", "time": "18:00", "team1": "W99", "team2": "W100", "venue": "AT&T Stadium", "city": "Arlington"},
    {"match_num": 103, "round": "Third Place", "date": "2026-07-18", "time": "15:00", "team1": "L101", "team2": "L102", "venue": "Hard Rock Stadium", "city": "Miami"},
    {"match_num": 104, "round": "Final", "date": "2026-07-19", "time": "15:00", "team1": "W101", "team2": "W102", "venue": "MetLife Stadium", "city": "East Rutherford"}
  ]
}
